UNIT_ID,UNIT_STATUS,READINESS_DATE,MODEL_TYPE
441,In production,11-Jan-2019,VPPM_8704
442,In production,11-Jan-2019,VPPM_8704
443,In production,14-Dec-2018,VPPM_8704
444,In production,14-Dec-2018,VPPM_8704
445,In production,04-Jan-2019,VPPM_8704
446,In production,08-Feb-2017,VPPM_8704
447,In production,08-Feb-2017,VPPM_8704
448,In production,26-Oct-2016,VPPM_8704
449,In production,26-Oct-2016,VPPM_8704
450,In production,12-Jan-2016,VPPM_8704
451,In production,07-Nov-2017,VPPM_8704
452,In production,,VPPM_8704
453,In production,,VPPM_8704
454,Under development,20-Apr-2017,VPPM_8704
456,Under development,20-Apr-2017,VPPM_8704
457,Under development,20-Apr-2017,VPPM_8704
458,Under development,20-Apr-2017,VPPM_8704
459,Under development,04-May-2017,VPPM_8704
460,Under development,04-May-2017,VPPM_8704
461,Under development,04-May-2017,VPPM_8704
462,Under development,04-May-2017,VPPM_8704
463,Under development,04-May-2017,VPPM_8704
464,Under development,04-May-2017,VPPM_8704
465,Under development,04-May-2017,VPPM_8704
466,Under development,04-May-2017,VPPM_8704
467,Under development,04-May-2017,VPPM_8704
455,Under development,20-Apr-2017,VPPM_8704
468,Under development,04-May-2017,VPPM_8704
469,Under development,04-May-2017,VPPM_8704
677,In production,01-Aug-2018,LIIA_2280
678,In production,01-Aug-2016,LIIA_2280
679,In production,01-Aug-2018,LIIA_2280
681,In production,15-Jan-2019,FIIN_7506
685,In production,04-Jan-2019,FIIN_7506
705,In production,08-Mar-2019,AGGG_3735
706,In production,12-Feb-2019,AGGG_3735
707,In production,08-Mar-2019,AGGG_3735
708,In production,01-Apr-2019,AGGG_3735
709,In production,01-Oct-2018,AGGG_3735
710,In production,15-Apr-2019,VNNB_2038
711,In production,15-Apr-2019,FIIN_7506
717,In production,29-Mar-2019,LIIA_2280
718,In production,08-Oct-2018,ILLL_1161
728,In production,07-Nov-2018,STTO_5208
740,In production,20-Aug-2018,AGGG_3735
753,In production,31-Mar-2018,PRRI_2004
754,In production,30-Jun-2018,PRRI_2004
755,In production,30-Jun-2018,PRRI_2004
765,In production,15-Feb-2019,PRRI_2004
766,In production,01-Feb-2019,PRRI_2004
771,Under development,30-May-2019,PRRI_2004
773,In production,17-Dec-2018,PRRI_2004
774,In production,06-Feb-2018,PRRI_2004
788,In production,01-Jul-2018,ECCO_8530
808,In production,25-Oct-2018,OTTH_3512
811,In production,01-Sep-2017,AGGG_8531
812,In production,01-Sep-2017,AGGG_8531
813,In production,01-Sep-2017,AGGG_8531
814,In production,01-Dec-2016,AGGG_8531
815,In production,01-Dec-2016,AGGG_8531
822,In production,28-Feb-2018,BUUS_2967
823,Under development,,BUUS_7105
828,Under development,,BUUS_7105
841,In production,31-Mar-2018,BUUS_7105
851,In production,17-Apr-2019,VAAL_8377
807,In production,13-Apr-2018,RIIS_3883
871,In production,,LIIA_2280
874,In production,30-May-2017,VAAL_8377
877,In production,10-Dec-2018,VAAL_8377
878,In production,01-Oct-2015,VAAL_8377
884,In production,,BUUS_2967
885,In production,,FIIN_7506
886,In production,,AGGG_3735
893,In production,31-Dec-2000,LIIA_2280
894,In production,31-Dec-2008,LIIA_2280
899,In production,04-Oct-2011,VAAL_8377
900,In production,30-Sep-2016,VAAL_8377
901,In production,10-Feb-2016,VAAL_8377
870,In production,,LIIA_2280
905,In production,30-Sep-2016,VAAL_8377
906,In production,31-Oct-2018,VAAL_8377
907,In production,31-Oct-2018,VAAL_8377
909,In production,01-Dec-2018,LIIA_2280
1,Retired,01-Mar-2019,OTTH_9237
2,Retired,01-May-2019,OTTH_9237
5,Retired,30-Jun-2019,ALLM_8086
6,Retired,30-Jun-2019,ALLM_8086
56,Retired,31-Mar-2019,BUUS_2967
81,In production,31-Mar-2019,AGGG_3735
161,Retired,,DIIV_2398
167,Retired,,RIIS_8509
285,Retired,01-Aug-2018,ALLM_8086
288,Retired,01-May-2018,ALLM_8086
289,Retired,01-May-2018,ECCO_3807
333,Retired,31-Mar-2019,ALLM_8086
361,In production,24-Jul-2015,VPPM_8704
362,In production,24-Jul-2015,VPPM_8704
363,In production,11-Sep-2015,VPPM_8704
386,In production,13-Aug-2018,VPPM_8704
365,In production,19-Aug-2015,VPPM_8704
366,In production,19-Aug-2015,VPPM_8704
367,In production,19-Aug-2015,VPPM_8704
368,In production,11-May-2018,VPPM_8704
369,In production,19-Aug-2015,VPPM_8704
370,In production,20-Sep-2018,VPPM_8704
371,In production,01-Oct-2018,VPPM_8704
372,In production,29-Oct-2018,VPPM_8704
493,In production,13-Aug-2018,VPPM_8704
374,In production,04-Sep-2018,VPPM_8704
375,In production,25-Oct-2018,VPPM_8704
388,In production,13-Aug-2018,VPPM_8704
377,In production,04-Sep-2018,VPPM_8704
494,In production,13-Aug-2018,VPPM_8704
918,In production,,SEEC_5336
380,In production,18-Aug-2015,VPPM_8704
381,In production,13-Aug-2018,VPPM_8704
382,In production,13-Aug-2018,VPPM_8704
383,In production,13-Aug-2018,VPPM_8704
384,In production,04-Sep-2018,VPPM_8704
385,In production,20-Sep-2018,VPPM_8704
931,In production,,SEEC_5336
387,In production,04-Sep-2018,VPPM_8704
287,In production,01-Feb-2019,LIIA_2280
389,In production,13-Aug-2018,VPPM_8704
390,In production,13-Aug-2018,VPPM_8704
391,In production,13-Aug-2018,VPPM_8704
392,In production,07-Sep-2018,VPPM_8704
393,In production,04-May-2016,VPPM_8704
394,In production,10-Sep-2015,VPPM_8704
395,In production,22-Sep-2016,VPPM_8704
396,In production,22-Sep-2016,VPPM_8704
397,In production,10-Sep-2015,VPPM_8704
398,In production,22-Sep-2016,VPPM_8704
399,In production,10-Sep-2015,VPPM_8704
400,In production,22-Sep-2016,VPPM_8704
401,In production,10-Sep-2015,VPPM_8704
402,In production,10-Sep-2015,VPPM_8704
403,In production,16-Sep-2015,VPPM_8704
404,In production,29-Nov-2016,VPPM_8704
405,In production,10-Sep-2015,VPPM_8704
406,In production,24-Oct-2016,VPPM_8704
407,In production,20-Oct-2015,VPPM_8704
408,In production,23-Sep-2016,VPPM_8704
409,In production,21-Jun-2018,VPPM_8704
410,In production,10-Sep-2015,VPPM_8704
411,In production,10-Sep-2015,VPPM_8704
412,In production,15-Jan-2016,VPPM_8704
413,In production,28-Jan-2016,VPPM_8704
414,In production,22-Aug-2016,VPPM_8704
415,In production,19-Sep-2017,VPPM_8704
416,In production,18-Mar-2016,VPPM_8704
417,In production,29-Nov-2016,VPPM_8704
418,In production,21-May-2018,VPPM_8704
419,In production,10-Sep-2015,VPPM_8704
420,In production,22-Sep-2016,VPPM_8704
421,In production,19-Aug-2015,VPPM_8704
422,In production,02-Oct-2017,VPPM_8704
423,In production,31-Jul-2018,VPPM_8704
424,In production,29-Sep-2017,VPPM_8704
342,In production,01-Feb-2019,LIIA_2280
425,In production,15-Nov-2018,VPPM_8704
427,In production,10-Oct-2018,VPPM_8704
428,In production,03-Dec-2018,VPPM_8704
429,In production,30-Aug-2017,VPPM_8704
430,In production,08-Nov-2018,VPPM_8704
431,In production,29-Nov-2018,VPPM_8704
432,In production,29-Sep-2017,VPPM_8704
433,In production,24-Jul-2015,VPPM_8704
434,In production,26-Aug-2015,VPPM_8704
435,In production,05-Nov-2018,VPPM_8704
436,In production,26-Aug-2015,VPPM_8704
437,In production,07-Apr-2016,VPPM_8704
500,In production,15-Nov-2018,VPPM_8704
439,In production,17-Aug-2015,VPPM_8704
440,In production,24-Jul-2015,VPPM_8704
301,In production,03-May-2019,ECCO_3807
302,In production,03-May-2019,AGGG_3735
308,In production,22-Jan-2018,LIIA_2280
309,In production,10-May-2019,AGGG_3735
322,In production,10-Apr-2019,VNNB_2038
323,In production,01-Oct-2019,LIIA_2280
324,In production,01-May-2019,ILLL_1161
325,In production,01-May-2019,ILLL_1161
328,In production,,ILLL_1161
329,In production,,ILLL_1161
330,In production,,DIIV_2398
336,In production,28-Feb-2019,OTTH_9237
343,In production,01-Apr-2019,LIIA_2280
346,In production,01-May-2019,ECCO_3807
347,In production,31-Mar-2019,OTTH_9237
348,In production,31-Mar-2019,OTTH_9237
349,In production,31-Mar-2019,OTTH_9237
379,In production,24-Aug-2015,VPPM_8704
492,In production,24-Aug-2015,VPPM_8704
651,In production,22-Jul-2016,FIIN_7202
652,In production,22-Jul-2016,FIIN_7202
653,In production,22-Jul-2016,FIIN_7202
654,In production,20-Oct-2014,FIIN_7202
655,In production,,FIIN_7202
656,In production,20-Oct-2014,FIIN_7202
657,In production,22-Jul-2017,FIIN_7202
658,In production,22-Jul-2017,FIIN_7202
659,In production,07-Dec-2009,FIIN_7202
660,In production,22-Jul-2016,FIIN_7202
661,In production,22-Jul-2016,FIIN_7202
662,In production,31-Mar-2008,FIIN_7202
663,In production,31-Dec-2016,FIIN_7202
664,In production,31-Mar-2008,FIIN_7202
665,In production,31-Mar-2008,FIIN_7202
666,In production,30-Sep-2018,FIIN_7202
674,In production,01-Aug-2007,AGGG_3735
675,In production,01-Jun-2014,AGGG_3735
676,In production,01-Aug-2018,LIIA_2280
638,In production,17-Aug-2012,LIIA_2280
644,In production,16-Jun-2016,LIIA_2280
646,In production,11-Jul-2018,LIIA_2280
647,In production,27-Sep-2018,LIIA_2280
667,In production,12-Jan-2016,OTTH_9237
683,In production,01-Dec-2018,BUUS_2967
686,In production,31-Mar-2019,VNNB_2038
688,In production,01-Jul-2018,FIIN_7506
689,In production,01-Dec-2018,BUUS_2967
690,In production,01-Dec-2018,BUUS_2967
691,In production,01-Dec-2018,BUUS_2967
714,In production,15-Apr-2019,PRRI_2004
725,In production,05-Apr-2019,OTTH_4771
729,In production,10-May-2019,STTO_5208
739,In production,31-Dec-2017,PRRI_2004
741,In production,31-May-2018,PRRI_2004
746,In production,28-Feb-2019,PRRI_2004
749,In production,28-Feb-2019,PRRI_2004
752,In production,31-Mar-2018,PRRI_2004
756,In production,31-Mar-2019,PRRI_2004
757,In production,31-Mar-2019,PRRI_2004
761,In production,31-Mar-2018,PRRI_2004
762,In production,31-Mar-2018,PRRI_2004
764,In production,31-Dec-2018,PRRI_2004
769,In production,31-Dec-2018,PRRI_2004
770,Under development,03-Jun-2019,PRRI_2004
780,In production,16-Jul-2019,PRRI_2004
781,In production,16-Jul-2019,PRRI_2004
782,In production,16-Jul-2019,PRRI_2004
793,In production,01-Sep-2016,PRRI_2004
796,Under development,25-Jan-2020,BUUS_7105
803,In production,,BUUS_4202
809,In production,30-Sep-2004,OTTH_9471
842,In production,30-Nov-2018,UNND_6999
855,In production,15-Apr-2016,VAAL_8377
856,In production,30-Sep-2015,VAAL_8377
857,In production,30-Jun-2016,VAAL_8377
858,In production,30-Sep-2015,VAAL_8377
873,In production,30-May-2017,VAAL_8377
879,In production,01-Jun-2017,VAAL_8377
880,In production,15-Mar-2019,VAAL_8377
890,In production,31-Dec-2000,VAAL_8377
891,In production,31-Dec-2008,VAAL_8377
892,In production,31-Dec-2008,VAAL_8377
910,In production,01-Dec-2018,VAAL_8377
911,In production,,VAAL_8377
913,In production,,VAAL_8377
914,In production,,VAAL_8377
915,In production,,VAAL_8377
916,In production,,VAAL_8377
917,In production,,VAAL_8377
859,In production,30-Sep-2016,VAAL_8377
1041,In production,30-Jun-2020,UNND_6999
34,In production,01-Jun-2019,LIIA_2280
35,In production,01-Jun-2019,LIIA_2280
36,In production,01-Jun-2019,LIIA_2280
38,In production,01-Jun-2019,LIIA_2280
50,In production,31-Oct-2010,VAAL_8377
95,In production,30-Sep-2019,LIIA_2280
152,In production,25-Oct-2018,LIIA_2280
156,In production,31-Mar-2019,VNNB_2038
159,In production,,DIIV_2398
216,In production,16-Apr-2019,BUUS_2967
242,In production,25-Mar-2019,OTTH_4771
378,In production,19-Aug-2015,VPPM_8704
248,In production,01-Jan-2019,BUUS_2967
266,In production,30-Jun-2019,BUUS_2967
270,In production,31-Mar-2019,BUUS_2967
276,In production,30-Jun-2019,BUUS_2967
277,In production,30-Jun-2019,BUUS_2967
278,In production,01-Mar-2019,BUUS_2967
326,In production,20-Nov-2018,ILLL_1161
327,Under development,,ILLL_1161
672,In production,01-Nov-2018,AGGG_3735
673,In production,01-Jan-2005,LIIA_2280
700,In production,01-Oct-2017,RIIS_8509
716,In production,18-Dec-2018,LIIA_2280
750,In production,31-Dec-2018,LIIA_2280
763,In production,31-Mar-2018,PRRI_2004
767,In production,01-Feb-2019,PRRI_2004
768,In production,31-Dec-2018,PRRI_2004
783,In production,30-May-2019,PRRI_2004
784,In production,10-Jun-2019,PRRI_2004
785,In production,26-Oct-2019,PRRI_2004
789,In production,31-May-2019,RIIS_3883
797,In production,01-Dec-2018,BUUS_7105
798,In production,01-Dec-2018,BUUS_7105
799,In production,01-Dec-2018,BUUS_7105
800,In production,01-Dec-2018,BUUS_7105
801,In production,01-Dec-2018,BUUS_7105
802,In production,01-Dec-2018,BUUS_7105
805,In production,17-Sep-2012,BUUS_4202
820,In production,26-Apr-2019,BUUS_7105
843,In production,28-Jun-2019,RIIS_1845
848,In production,11-May-2018,LIIA_2280
876,In production,10-Dec-2018,VAAL_8377
28,In production,01-Oct-2019,LIIA_2280
29,In production,01-Oct-2019,LIIA_2280
30,In production,01-Oct-2019,LIIA_2280
31,In production,01-Oct-2019,LIIA_2280
32,In production,01-Jun-2019,LIIA_2280
33,In production,01-Jun-2019,LIIA_2280
37,In production,01-Jun-2019,LIIA_2280
39,In production,01-Jun-2019,LIIA_2280
40,In production,01-Jun-2019,LIIA_2280
41,In production,01-Jun-2019,LIIA_2280
57,In production,31-Mar-2019,BUUS_2967
62,In production,01-Feb-2019,AGGG_3735
68,In production,30-Jun-2018,VAAL_8377
75,In production,31-Mar-2019,VAAL_8377
77,In production,31-Mar-2019,VAAL_8377
98,In production,31-Mar-2019,OTTH_9237
111,In production,28-Oct-2019,SUUR_5402
117,In production,,VAAL_8377
127,In production,31-Mar-2019,VAAL_8377
128,In production,31-Mar-2019,VAAL_8377
129,In production,31-Dec-2018,VAAL_8377
131,In production,31-Mar-2019,OTTH_9237
132,In production,31-Dec-2018,VAAL_8377
139,In production,24-Sep-2018,ILLL_1161
140,In production,12-Apr-2019,ILLL_1161
142,In production,25-Jan-2019,VNNB_2038
143,In production,10-Sep-2018,OTTH_9237
148,In production,01-May-2019,OTTH_9237
151,In production,25-Oct-2018,LIIA_2280
163,In production,,FIIN_7506
491,In production,19-Aug-2015,VPPM_8704
171,In production,01-Jan-2010,AGGG_8531
192,In production,01-Jan-2020,VAAL_8377
202,In production,30-Sep-2018,FIIN_7506
208,In production,01-Jan-2020,VAAL_8377
211,In production,01-Jan-2020,FIIN_7506
212,In production,01-Jan-2020,FIIN_7506
213,In production,01-Jul-2019,FIIN_7506
214,In production,30-Jun-2017,FIIN_7506
234,In production,25-Sep-2014,ILLL_1161
235,In production,28-Jun-2018,ILLL_1161
236,In production,07-Aug-2006,ILLL_1161
237,In production,30-Sep-2015,ILLL_1161
238,In production,02-Nov-2018,ILLL_1161
239,In production,03-Jul-2012,ILLL_1161
240,In production,15-Sep-2018,ILLL_1161
252,In production,01-Jan-2017,BUUS_2967
253,In production,30-Jun-2018,BUUS_2967
254,In production,31-Mar-2019,BUUS_2967
255,In production,31-Mar-2018,BUUS_2967
256,In production,31-Mar-2017,BUUS_2967
257,In production,30-Jun-2018,BUUS_2967
258,In production,31-Mar-2017,BUUS_2967
292,In production,30-Sep-2018,STTO_3667
293,In production,31-Oct-2018,LIIA_2280
296,In production,31-Mar-2019,STTO_3667
297,In production,31-Mar-2019,LIIA_2280
300,In production,30-Nov-2018,LIIA_2280
1017,In production,30-Aug-2019,SEEC_5336
1018,In production,30-Aug-2019,SEEC_5336
1019,In production,01-Jan-2010,ALLP_8300
1020,In production,01-Jan-2015,POOR_3530
1021,In production,,OTTH_3512
1023,In production,01-Jan-2019,OTTH_3512
1025,In production,01-Jan-2019,OTTH_3512
1026,In production,01-Jan-2019,OTTH_3512
1028,In production,01-Jan-2019,PRRO_8391
1033,In production,,SEEC_5336
1034,In production,,OTTH_3512
1035,In production,,FUUN_8783
1036,In production,,FUUN_8783
1037,In production,,FUUN_8783
1038,In production,,FUUN_8783
1039,In production,,PEER_2790
1040,In production,,RIIS_3883
1024,In production,01-Jan-2019,OTTH_3512
575,Under development,04-May-2017,VPPM_8704
576,Under development,04-May-2017,VPPM_8704
577,Under development,04-May-2017,VPPM_8704
578,Under development,04-May-2017,VPPM_8704
579,Under development,04-May-2017,VPPM_8704
580,Under development,04-May-2017,VPPM_8704
250,In production,01-Jun-2019,FIIN_7506
582,Under development,04-May-2017,VPPM_8704
583,Under development,04-May-2017,VPPM_8704
584,Under development,04-May-2017,VPPM_8704
585,Under development,04-May-2017,VPPM_8704
586,Under development,04-May-2017,VPPM_8704
587,Under development,04-May-2017,VPPM_8704
588,Under development,04-May-2017,VPPM_8704
589,Under development,04-May-2017,VPPM_8704
590,Under development,04-May-2017,VPPM_8704
591,Under development,04-May-2017,VPPM_8704
592,Under development,04-May-2017,VPPM_8704
593,Under development,04-May-2017,VPPM_8704
594,Under development,04-May-2017,VPPM_8704
595,Under development,04-May-2017,VPPM_8704
596,Under development,04-May-2017,VPPM_8704
597,Under development,04-May-2017,VPPM_8704
598,Under development,04-May-2017,VPPM_8704
599,Under development,04-May-2017,VPPM_8704
600,Under development,04-May-2017,VPPM_8704
601,Under development,04-May-2017,VPPM_8704
602,Under development,04-May-2017,VPPM_8704
603,Under development,04-May-2017,VPPM_8704
604,Under development,04-May-2017,VPPM_8704
605,Under development,04-May-2017,VPPM_8704
606,Under development,04-May-2017,VPPM_8704
607,Under development,04-May-2017,VPPM_8704
608,Under development,04-May-2017,VPPM_8704
609,Under development,04-May-2017,VPPM_8704
610,Under development,04-May-2017,VPPM_8704
611,Under development,04-May-2017,VPPM_8704
612,Under development,04-May-2017,VPPM_8704
613,Under development,04-May-2017,VPPM_8704
614,Under development,,VPPM_8704
671,Retired,01-Jan-2005,AGGG_3735
695,In production,01-Feb-2017,VAAL_7538
696,In production,01-Feb-2017,VAAL_7538
697,In production,01-Jun-2017,VAAL_7538
699,Retired,01-Jan-2018,RIIS_8509
715,Retired,13-Mar-2019,LIIA_2280
732,In production,01-Jan-2012,ALLP_8300
733,In production,01-Feb-2011,ALLP_8300
734,In production,01-Aug-2011,ALLP_8300
735,Under development,29-Apr-2019,ALLP_8300
736,In production,01-Jan-2010,ALLP_8300
737,In production,01-Jul-2007,POOR_3530
738,In production,01-Jul-2007,POOR_3530
742,Retired,30-Apr-2018,PRRI_2004
748,Retired,15-Apr-2018,PRRI_2004
772,Retired,,PRRI_2004
775,In production,25-Oct-2019,PRRI_2004
776,In production,25-Oct-2019,PRRI_2004
777,In production,28-Feb-2019,PRRI_2004
778,In production,26-Sep-2017,PRRI_2004
790,Retired,01-Dec-2016,PRRI_2004
791,Retired,01-Dec-2016,PRRI_2004
792,Retired,01-Dec-2016,PRRI_2004
825,"Completed, not in use",,LIIA_2280
827,Retired,30-Aug-2018,OTTH_9471
830,Under development,,OTTH_9471
832,"Completed, not in use",,LIIA_2167
833,Under development,,OTTH_9471
834,"Completed, not in use",,OTTH_9471
835,Under development,,UNND_6999
836,In production,30-Jul-2016,OTTH_9471
838,Retired,17-Dec-2018,BUUS_7105
839,Retired,17-Dec-2018,BUUS_7105
840,In production,24-Jun-2019,BUUS_7105
860,Retired,15-Dec-2018,VAAL_8377
861,Retired,15-Dec-2018,VAAL_8377
862,Retired,15-Dec-2018,VAAL_8377
863,Retired,15-Dec-2015,VAAL_8377
864,Retired,15-Dec-2018,VAAL_8377
865,Retired,15-Dec-2018,VAAL_8377
866,Retired,15-Sep-2015,VAAL_8377
867,Retired,05-Apr-2019,VAAL_8377
868,Retired,31-Oct-2018,VAAL_8377
869,Retired,30-Sep-2018,VAAL_8377
1042,Under development,,RIIS_8509
317,Under development,,PRRI_2004
318,Under development,,PRRI_2004
170,In production,01-Jan-2017,FIIN_7202
919,In production,,SEEC_5336
921,In production,,SEEC_5336
922,In production,,SEEC_5336
246,In production,01-Oct-2018,RIIS_1845
360,In production,01-Oct-2018,RIIS_1845
438,In production,24-Jul-2015,VPPM_8704
80,In production,31-Mar-2019,VAAL_8377
923,In production,,SEEC_5336
924,In production,,SEEC_5336
925,In production,,SEEC_5336
926,In production,,SEEC_5336
927,In production,,SEEC_5336
928,In production,,SEEC_5336
929,In production,,SEEC_5336
69,In production,25-Jul-2019,VAAL_8377
920,In production,,SEEC_5336
930,In production,,SEEC_5336
932,In production,,SEEC_5336
933,In production,,RIIS_3883
934,In production,,RIIS_3883
935,In production,,RIIS_3883
936,In production,,RIIS_3883
937,In production,,RIIS_3883
938,In production,,RIIS_3883
939,In production,,RIIS_3883
940,In production,,RIIS_3883
941,In production,,RIIS_3883
942,In production,,RIIS_3883
943,In production,,RIIS_3883
944,In production,,RIIS_3883
945,In production,,RIIS_3883
946,In production,,RIIS_3883
947,In production,,RIIS_3883
948,In production,,RIIS_3883
950,In production,,RIIS_3883
951,In production,,RIIS_3883
952,In production,,RIIS_3883
953,In production,,RIIS_3883
954,In production,,RIIS_3883
955,In production,,RIIS_3883
956,In production,,RIIS_3883
957,In production,,RIIS_3883
958,In production,,RIIS_3883
959,In production,,RIIS_3883
960,In production,,RIIS_3883
961,In production,,RIIS_3883
962,In production,,DEEC_2789
949,In production,,RIIS_3883
963,Under development,,DEEC_2789
964,In production,,DEEC_2789
965,In production,,DEEC_2789
966,In production,,DEEC_2789
967,In production,,DEEC_2789
968,In production,,DEEC_2789
969,In production,,DEEC_2789
970,In production,,DEEC_2789
971,In production,,DEEC_2789
972,In production,,DEEC_2789
973,In production,,DEEC_2789
974,In production,,DEEC_2789
7,In production,30-Dec-2019,ALLM_8086
975,In production,01-Jan-2019,BUUS_4202
983,In production,06-Dec-2019,OTTH_3512
984,In production,,OTTH_3512
985,In production,,OTTH_3512
986,In production,,SEEC_5336
987,In production,01-Jan-2016,RIIS_4667
988,In production,01-Jan-2019,OTTH_3512
58,In production,03-Oct-2012,ECCO_3807
989,In production,01-Jan-2019,OTTH_3512
991,In production,01-Jan-2019,RIIS_4667
992,In production,01-Jan-2019,OTTH_3512
994,In production,01-Mar-2009,OTTH_3512
14,In production,01-Jun-2019,LIIA_2280
16,In production,01-Mar-2019,LIIA_2280
581,In production,24-Jul-2015,VPPM_8704
1000,In production,,SEEC_5336
1001,In production,,SEEC_5336
1002,In production,,SEEC_5336
1003,In production,01-Jan-2002,SEEC_8608
1004,In production,01-Jul-2017,SEEC_8608
1005,In production,26-Mar-2014,RIIS_4667
1006,In production,01-Sep-2019,SEEC_8608
1007,In production,02-Jan-2020,SEEC_8608
1008,In production,01-Aug-2018,ALLP_8300
1009,In production,25-Sep-2018,ALLP_8300
1010,In production,05-Apr-2016,ALLP_8300
1011,In production,15-Oct-2019,POOR_3530
1012,In production,14-Jan-2020,POOR_3530
1013,In production,15-Oct-2019,POOR_3530
1014,In production,14-Jun-2011,SEEC_8608
1015,In production,22-Mar-2011,SEEC_8608
175,In production,,BUUS_4202
177,In production,01-Jan-2019,BUUS_2967
181,In production,31-Mar-2019,ALLM_8086
183,In production,31-Dec-2018,LIIA_2280
193,In production,14-Jan-2020,LIIA_2280
210,In production,01-Jan-2020,VAAL_8377
489,In production,13-Aug-2018,VPPM_8704
354,In production,15-May-2019,PRRI_2004
669,In production,04-Jan-2019,PRRI_2004
670,In production,01-Jan-2019,PRRI_2004
687,In production,30-Nov-2018,ALLM_8086
759,In production,30-Jun-2019,PRRI_2004
787,In production,28-Oct-2019,ASSS_1548
794,In production,01-May-2018,PRRI_2004
821,In production,,ILLL_6193
831,"Completed, not in use",,BUUS_7105
849,In production,17-May-2019,LIIA_2280
882,In production,,PRRI_2004
3,In production,,SUUR_5402
4,In production,,SUUR_5402
17,In production,01-Aug-2018,LIIA_2280
19,In production,01-Mar-2019,LIIA_2280
20,In production,01-Mar-2019,LIIA_2280
23,In production,01-Nov-2017,LIIA_2280
24,In production,01-Mar-2019,LIIA_2280
25,In production,01-Nov-2017,LIIA_2280
26,In production,01-Feb-2019,LIIA_2280
27,In production,01-Feb-2019,LIIA_2280
42,In production,31-Mar-2019,BUUS_2967
44,In production,31-Mar-2019,BUUS_2967
93,In production,31-Mar-2019,BUUS_2967
136,In production,31-Mar-2019,PRRI_2004
168,In production,,RIIS_8509
187,In production,,ALLM_8086
233,In production,11-Aug-2018,LIIA_2280
680,In production,01-Aug-2018,LIIA_2280
731,In production,01-May-2019,RIIS_8509
795,In production,01-Jun-2016,PRRI_2004
806,In production,21-Aug-2017,RIIS_3883
977,In production,05-Dec-2018,ALLP_8300
995,In production,01-Aug-2018,SEEC_5336
993,In production,01-Jan-2020,OTTH_3512
1022,In production,01-Jan-2019,OTTH_3512
1027,In production,01-Jan-2015,SEEC_5336
997,In production,01-Oct-2004,OTTH_3512
1029,In production,01-Jan-2015,TRRA_7190
1030,In production,01-Jan-2015,TRRA_7190
982,In production,05-Dec-2018,ALLP_8300
1016,In production,01-Sep-2016,TRRA_4134
978,In production,27-Mar-2017,TRRA_4134
979,In production,14-Jun-2017,POOR_3530
980,In production,14-Jun-2017,TRRA_4134
981,In production,31-Dec-2019,TRRA_4134
1031,In production,24-Jan-2019,OTTH_3512
1032,In production,24-Jan-2019,OTTH_3512
996,In production,01-Sep-2013,SEEC_5336
165,In production,04-Dec-2019,ALLM_8086
172,In production,14-Mar-2019,ECCO_4340
998,In production,,TRRA_4134
196,In production,31-Dec-2018,VAAL_8377
279,Under development,,UNND_6999
284,In production,01-Sep-2019,ALLM_8086
303,In production,03-May-2019,PRRI_2004
339,In production,01-Sep-2018,ALLM_8086
617,In production,29-Aug-2018,LIIA_2280
619,In production,14-Sep-2018,LIIA_2280
623,In production,01-May-2018,LIIA_2280
634,In production,10-May-2016,LIIA_2280
712,In production,01-May-2019,PRRI_2004
758,In production,30-Sep-2019,PRRI_2004
887,In production,29-Apr-2019,ALLM_8086
11,In production,31-Jul-2019,LIIA_2280
976,In production,,OTTH_3512
59,In production,01-Jan-2019,ECCO_3807
70,In production,,VAAL_8377
990,In production,01-Jan-2019,RIIS_4667
155,In production,15-Feb-2018,PRRI_2004
164,Under development,,PRRI_2004
311,In production,16-May-2019,PRRI_2004
615,In production,29-Aug-2018,LIIA_2280
721,In production,05-May-2017,ECCO_3807
722,In production,30-Sep-2018,ECCO_3807
744,In production,28-Feb-2019,PRRI_2004
747,In production,28-Feb-2019,PRRI_2004
779,In production,06-Nov-2019,PRRI_2004
13,In production,31-Jul-2019,LIIA_2280
64,In production,24-Dec-2019,VAAL_8377
65,In production,27-Dec-2019,VAAL_8377
66,In production,28-Dec-2019,VAAL_8377
113,In production,03-May-2019,VAAL_8377
135,In production,31-Mar-2019,VAAL_8377
999,In production,01-Oct-2019,SEEC_8608
217,In production,30-Apr-2019,VAAL_8377
222,In production,15-Nov-2018,VAAL_8377
241,In production,16-May-2019,PRRI_2004
332,In production,30-Dec-2019,ALLM_8086
335,In production,01-Nov-2017,ALLM_8086
625,In production,13-Sep-2019,LIIA_2280
628,In production,13-Aug-2016,LIIA_2280
629,In production,06-Sep-2016,LIIA_2280
631,In production,23-Jun-2015,LIIA_2280
632,In production,14-Sep-2018,LIIA_2280
635,In production,06-Sep-2018,LIIA_2280
636,In production,10-May-2016,LIIA_2280
703,In production,09-Apr-2019,PRRI_2004
719,In production,01-Apr-2019,ECCO_3807
720,In production,07-Dec-2018,ECCO_3807
730,In production,20-Apr-2019,STTO_5208
837,In production,30-Oct-2018,LIIA_2280
844,In production,31-Jan-2013,PRRI_2004
889,In production,31-Dec-2008,VAAL_8377
908,In production,01-Sep-2015,VAAL_8377
12,In production,05-Mar-2019,LIIA_2280
45,In production,01-Jul-2020,ALLM_8086
54,Under development,,ALLM_8086
94,In production,31-Mar-2019,SUUR_5402
104,In production,30-Sep-2019,VAAL_8377
116,In production,,VAAL_8377
180,Under development,31-Mar-2019,ALLM_8086
182,In production,31-Mar-2019,ALLM_8086
189,In production,30-Sep-2018,VAAL_8377
290,In production,03-May-2019,PRRI_2004
304,In production,16-May-2019,PRRI_2004
319,In production,10-Apr-2019,PRRI_2004
331,In production,01-Jun-2019,ALLM_8086
340,In production,14-Jun-2019,ALLM_8086
618,In production,20-Aug-2019,LIIA_2280
633,In production,28-May-2019,LIIA_2280
649,In production,19-Jul-2019,LIIA_2280
704,In production,18-Apr-2019,PRRI_2004
723,In production,15-Nov-2018,ASSS_1548
726,In production,31-Dec-2018,STTO_5208
727,In production,31-Dec-2018,RIIS_8509
743,In production,28-Feb-2019,PRRI_2004
745,In production,28-Feb-2019,PRRI_2004
751,In production,31-Mar-2019,PRRI_2004
804,In production,31-Dec-2018,ALLM_8086
18,In production,01-Aug-2018,LIIA_2280
46,In production,21-Jan-2020,PRRI_2004
96,In production,31-Mar-2019,LIIA_2280
184,In production,,ECCO_3807
294,In production,03-May-2019,PRRI_2004
298,In production,03-May-2019,PRRI_2004
724,In production,25-Feb-2019,ASSS_1548
824,"Completed, not in use",,LIIA_2280
15,In production,30-Apr-2019,LIIA_2280
51,In production,08-Oct-2019,LIIA_2280
52,In production,11-Jun-2019,LIIA_2280
53,In production,,LIIA_2280
71,In production,01-Jun-2015,VAAL_8377
99,In production,30-Sep-2019,LIIA_2280
100,In production,30-Sep-2019,LIIA_2280
101,In production,30-Sep-2019,LIIA_2280
109,In production,30-Sep-2019,VAAL_8377
112,In production,,VAAL_8377
223,In production,15-Nov-2018,VAAL_8377
247,In production,01-Jan-2019,ALLM_8086
364,In production,13-Aug-2018,VPPM_8704
485,In production,13-Aug-2018,VPPM_8704
616,In production,20-Aug-2019,LIIA_2280
620,In production,20-Dec-2019,LIIA_2280
621,In production,09-Aug-2016,LIIA_2280
639,In production,09-Aug-2016,LIIA_2280
640,In production,28-Sep-2017,LIIA_2280
648,In production,27-Sep-2018,LIIA_2280
650,In production,02-Aug-2017,LIIA_2280
373,In production,13-Aug-2018,VPPM_8704
826,In production,01-Jun-2019,LIIA_2280
846,In production,10-May-2019,PRRI_2004
852,In production,15-Apr-2018,VAAL_8377
853,In production,15-Dec-2018,VAAL_8377
872,In production,20-Dec-2018,VAAL_8377
912,In production,,VAAL_8377
10,In production,,LIIA_2280
55,Under development,,PRRI_2004
82,In production,31-Mar-2019,VAAL_8377
92,In production,31-Mar-2019,VAAL_8377
105,In production,30-Sep-2019,VAAL_8377
134,In production,30-Sep-2018,VAAL_8377
220,In production,27-Aug-2014,VAAL_8377
221,In production,16-Aug-2018,VAAL_8377
224,In production,15-Nov-2018,VAAL_8377
225,In production,09-Nov-2018,VAAL_8377
226,In production,05-Apr-2019,VAAL_8377
227,In production,07-May-2019,VAAL_8377
228,In production,07-May-2019,VAAL_8377
229,In production,02-May-2019,VAAL_8377
490,In production,13-Aug-2018,VPPM_8704
280,In production,09-May-2019,ALLM_8086
281,In production,09-May-2019,ALLM_8086
282,In production,01-Feb-2019,ALLM_8086
283,In production,01-Mar-2019,ALLM_8086
286,In production,01-Sep-2018,ALLM_8086
291,In production,03-May-2019,PRRI_2004
295,In production,03-May-2019,PRRI_2004
299,In production,03-May-2019,PRRI_2004
305,In production,11-Feb-2019,PRRI_2004
306,In production,20-May-2019,PRRI_2004
307,In production,20-May-2019,PRRI_2004
312,In production,23-May-2019,PRRI_2004
313,In production,10-May-2019,PRRI_2004
314,In production,09-Mar-2019,PRRI_2004
315,In production,12-Oct-2019,PRRI_2004
316,In production,12-Oct-2019,PRRI_2004
320,In production,10-Apr-2019,PRRI_2004
321,In production,10-Apr-2019,PRRI_2004
337,In production,09-May-2019,ALLM_8086
338,In production,09-Feb-2019,ALLM_8086
341,In production,31-Dec-2018,ALLM_8086
344,In production,01-Feb-2019,ALLM_8086
345,In production,01-May-2019,ALLM_8086
351,In production,01-Feb-2019,ILLL_1161
352,In production,,LIIA_2280
355,In production,15-Mar-2019,VNNB_2038
356,In production,15-Mar-2019,FIIN_7506
357,In production,01-Feb-2019,BUUS_2967
627,In production,15-Aug-2016,LIIA_2280
637,In production,17-Aug-2012,LIIA_2280
8,In production,06-Aug-2018,LIIA_2280
9,In production,23-Jul-2015,LIIA_2280
83,In production,31-Mar-2019,VAAL_8377
122,In production,31-Mar-2019,VAAL_8377
130,In production,31-Mar-2019,VAAL_8377
137,In production,01-Nov-2019,PRRI_2004
138,In production,01-Nov-2019,PRRI_2004
173,In production,01-May-2019,BUUS_7105
188,In production,,DIIV_2398
190,In production,30-Dec-2019,VAAL_8377
197,In production,31-Dec-2018,VAAL_8377
198,In production,31-Mar-2015,VAAL_8377
199,In production,30-Jun-2011,VAAL_8377
200,In production,30-Jun-2011,VAAL_8377
201,In production,30-Jun-2011,VAAL_8377
204,In production,,VAAL_8377
206,In production,01-Jan-2020,PRRI_2004
218,In production,30-Apr-2019,VAAL_8377
230,In production,03-May-2019,VAAL_8377
231,In production,02-May-2019,VAAL_8377
244,In production,01-May-2019,ALLM_8086
245,In production,01-Jan-2019,ALLM_8086
249,In production,01-Jan-2012,FIIN_7506
251,In production,01-Jan-1995,FIIN_7506
334,In production,30-Jun-2019,ECCO_3807
350,In production,01-Feb-2019,ALLM_8086
622,In production,14-Sep-2018,LIIA_2280
624,In production,27-Oct-2015,LIIA_2280
626,In production,13-Sep-2019,LIIA_2280
630,In production,27-Oct-2015,LIIA_2280
641,In production,12-Sep-2017,LIIA_2280
642,In production,27-Jul-2015,LIIA_2280
643,In production,12-Jun-2018,LIIA_2280
645,In production,16-May-2019,LIIA_2280
668,In production,01-Jul-2018,OTTH_9237
698,In production,01-Dec-2017,RIIS_8509
701,In production,01-Dec-2017,RIIS_8509
376,In production,13-Aug-2018,VPPM_8704
713,In production,03-Jan-2019,BUUS_2967
810,In production,01-May-2018,ALLM_4715
845,In production,30-Sep-2019,VAAL_8377
850,In production,24-Apr-2019,LIIA_2280
854,In production,15-Sep-2016,VAAL_8377
888,In production,01-Oct-2019,VAAL_8377
895,In production,31-Mar-2018,VAAL_8377
896,In production,08-Sep-2017,VAAL_8377
897,In production,08-Sep-2017,VAAL_8377
682,In production,01-Dec-2018,BUUS_2967
898,In production,08-Oct-2017,VAAL_8377
902,In production,26-Jul-2017,VAAL_8377
903,In production,26-Jul-2017,VAAL_8377
904,In production,09-Aug-2017,VAAL_8377
21,In production,01-Nov-2018,LIIA_2280
22,In production,01-Mar-2019,LIIA_2280
43,In production,31-Mar-2019,BUUS_2967
102,In production,20-Nov-2019,BUUS_2967
103,In production,20-Nov-2019,BUUS_2967
110,In production,28-Oct-2019,BUUS_2967
118,In production,,VAAL_8377
144,Under development,10-Dec-2019,ILLL_1161
149,In production,01-Sep-2019,ILLL_1161
160,In production,,DIIV_2398
178,In production,01-Mar-2019,RIIS_1845
209,In production,01-Jan-2020,PRRI_2004
232,In production,22-May-2019,LIIA_2280
259,In production,31-Dec-2018,BUUS_2967
260,In production,31-Dec-2018,BUUS_2967
261,In production,31-Dec-2018,BUUS_2967
262,In production,31-Dec-2018,BUUS_2967
263,In production,31-Dec-2018,BUUS_2967
264,In production,31-Dec-2018,BUUS_2967
153,In production,25-Oct-2018,LIIA_2280
154,In production,25-Oct-2018,LIIA_2280
265,In production,31-Dec-2019,BUUS_2967
267,In production,31-Dec-2018,BUUS_2967
268,In production,31-Dec-2018,BUUS_2967
269,In production,31-Dec-2018,BUUS_2967
271,In production,31-Dec-2018,BUUS_2967
272,In production,31-Dec-2018,BUUS_2967
273,In production,31-Dec-2018,BUUS_2967
274,In production,01-Jun-2018,BUUS_2967
275,In production,01-Jan-2017,BUUS_2967
310,In production,22-May-2019,PRRI_2004
353,In production,01-Feb-2019,ALLM_8086
358,In production,01-Feb-2019,ALLM_8086
692,In production,28-Feb-2019,LIIA_2280
693,In production,24-Aug-2018,LIIA_2280
694,In production,01-May-2019,STTO_5208
760,In production,30-Jun-2019,PRRI_2004
816,In production,01-Sep-2018,BUUS_7105
817,In production,01-Apr-2019,BUUS_7105
818,In production,01-Sep-2018,BUUS_7105
819,In production,15-Jun-2019,BUUS_7105
847,Retired,03-Apr-2019,PRRI_2004
875,In production,20-Dec-2018,OTTH_9237
881,In production,,BUUS_7105
883,In production,,BUUS_2967
47,In production,30-Jun-2010,VAAL_8377
48,In production,30-Jun-2016,VAAL_8377
49,In production,31-Dec-2009,VAAL_8377
60,In production,01-Feb-2019,FIIN_7506
61,In production,01-Feb-2019,FIIN_7506
63,In production,01-Mar-2019,ALLM_8086
67,In production,31-Mar-2019,VAAL_8377
72,In production,31-Mar-2019,VAAL_8377
73,In production,31-Mar-2019,VAAL_8377
74,In production,31-Mar-2019,VAAL_8377
76,In production,31-Mar-2019,VAAL_8377
78,In production,31-Mar-2019,VAAL_8377
79,In production,31-Mar-2019,VAAL_8377
84,In production,31-Mar-2019,VAAL_8377
85,In production,31-Mar-2019,VAAL_8377
86,In production,31-Mar-2019,VAAL_8377
87,In production,31-Mar-2019,VAAL_8377
88,In production,31-Mar-2019,VAAL_8377
89,In production,31-Mar-2019,VAAL_8377
90,In production,31-Mar-2019,VAAL_8377
91,In production,31-Mar-2019,VAAL_8377
106,In production,30-Sep-2019,VAAL_8377
107,In production,31-Dec-2018,VAAL_8377
108,In production,31-Dec-2018,VAAL_8377
114,In production,,VAAL_8377
115,In production,,VAAL_8377
119,In production,,VAAL_8377
120,In production,,VAAL_8377
121,In production,31-Mar-2019,VAAL_8377
123,In production,31-Mar-2019,VAAL_8377
124,In production,31-Dec-2018,VAAL_8377
125,In production,31-Mar-2019,VAAL_8377
126,In production,31-Mar-2019,VAAL_8377
133,In production,31-Mar-2019,VAAL_8377
141,In production,18-Oct-2019,VNNB_2038
145,In production,07-Feb-2019,VNNB_2038
146,In production,02-May-2019,VNNB_2038
147,In production,03-Dec-2018,VNNB_2038
150,In production,01-Jan-2019,ILLL_1161
157,In production,,DIIV_2398
158,In production,,DIIV_2398
162,In production,,DIIV_2398
166,In production,08-Nov-2019,ALLM_8086
174,In production,18-Apr-2019,FIIN_7202
176,In production,,FIIN_7202
179,In production,31-Mar-2019,PRRI_2004
186,In production,30-Apr-2019,PRRI_2004
191,Under development,31-Dec-2018,VAAL_8377
194,In production,08-Jan-2020,VAAL_8377
195,In production,30-Jun-2012,VAAL_8377
203,In production,,VAAL_8377
205,In production,01-Jan-2020,VAAL_8377
207,In production,01-Jan-2020,ILLL_1161
215,In production,19-Apr-2019,BUUS_2967
219,In production,15-Feb-2019,VAAL_8377
543,Under development,04-May-2017,VPPM_8704
544,Under development,04-May-2017,VPPM_8704
545,Under development,04-May-2017,VPPM_8704
546,Under development,04-May-2017,VPPM_8704
547,Under development,04-May-2017,VPPM_8704
548,Under development,04-May-2017,VPPM_8704
549,Under development,04-May-2017,VPPM_8704
550,Under development,04-May-2017,VPPM_8704
551,Under development,04-May-2017,VPPM_8704
552,Under development,04-May-2017,VPPM_8704
553,Under development,04-May-2017,VPPM_8704
554,Under development,04-May-2017,VPPM_8704
555,Under development,04-May-2017,VPPM_8704
556,Under development,04-May-2017,VPPM_8704
557,Under development,04-May-2017,VPPM_8704
558,Under development,04-May-2017,VPPM_8704
559,Under development,04-May-2017,VPPM_8704
560,Under development,04-May-2017,VPPM_8704
561,Under development,04-May-2017,VPPM_8704
562,Under development,04-May-2017,VPPM_8704
563,Under development,04-May-2017,VPPM_8704
564,Under development,13-Dec-2017,VPPM_8704
565,Under development,10-Oct-2018,VPPM_8704
566,Under development,04-May-2017,VPPM_8704
567,Under development,04-May-2017,VPPM_8704
568,Under development,04-May-2017,VPPM_8704
569,Under development,04-May-2017,VPPM_8704
570,Under development,04-May-2017,VPPM_8704
571,Under development,04-May-2017,VPPM_8704
572,Under development,04-May-2017,VPPM_8704
573,Under development,04-May-2017,VPPM_8704
574,Under development,04-May-2017,VPPM_8704
474,Under development,20-Apr-2017,VPPM_8704
475,Under development,20-Apr-2017,VPPM_8704
476,Under development,20-Apr-2017,VPPM_8704
477,Under development,20-Apr-2017,VPPM_8704
478,Under development,20-Apr-2017,VPPM_8704
479,Under development,20-Apr-2017,VPPM_8704
480,Under development,20-Apr-2017,VPPM_8704
481,Under development,20-Apr-2017,VPPM_8704
482,Under development,20-Apr-2017,VPPM_8704
483,Under development,20-Apr-2017,VPPM_8704
484,Under development,20-Apr-2017,VPPM_8704
470,Under development,20-Apr-2017,VPPM_8704
471,Under development,20-Apr-2017,VPPM_8704
472,Under development,20-Apr-2017,VPPM_8704
473,Under development,20-Apr-2017,VPPM_8704
426,In production,31-Jul-2018,VPPM_8704
486,Under development,10-Oct-2018,VPPM_8704
487,Under development,10-Oct-2018,VPPM_8704
488,Under development,04-May-2017,VPPM_8704
501,In production,31-Jul-2018,VPPM_8704
185,In production,31-Mar-2019,PRRI_2004
97,In production,31-Mar-2019,LIIA_2280
684,In production,30-May-2019,ALLM_8086
243,In production,01-May-2019,ALLM_8086
359,In production,01-May-2019,OTTH_9237
495,Under development,04-May-2017,VPPM_8704
496,Under development,04-May-2017,VPPM_8704
497,Under development,04-May-2017,VPPM_8704
498,Under development,04-May-2017,VPPM_8704
499,Under development,04-May-2017,VPPM_8704
169,In production,24-May-2019,RIIS_8509
702,In production,01-Apr-2018,RIIS_8509
502,Under development,04-May-2017,VPPM_8704
503,Under development,04-May-2017,VPPM_8704
504,Under development,10-Oct-2018,VPPM_8704
505,Under development,04-May-2017,VPPM_8704
506,Under development,04-May-2017,VPPM_8704
507,Under development,04-May-2017,VPPM_8704
508,Under development,04-May-2017,VPPM_8704
509,Under development,04-May-2017,VPPM_8704
510,Under development,04-May-2017,VPPM_8704
511,Under development,04-May-2017,VPPM_8704
512,Under development,04-May-2017,VPPM_8704
513,Under development,04-May-2017,VPPM_8704
514,Under development,04-May-2017,VPPM_8704
515,Under development,04-May-2017,VPPM_8704
516,Under development,04-May-2017,VPPM_8704
517,Under development,04-May-2017,VPPM_8704
518,Under development,04-May-2017,VPPM_8704
519,Under development,04-May-2017,VPPM_8704
520,Under development,04-May-2017,VPPM_8704
521,Under development,04-May-2017,VPPM_8704
522,Under development,04-May-2017,VPPM_8704
523,Under development,04-May-2017,VPPM_8704
524,Under development,04-May-2017,VPPM_8704
525,Under development,04-May-2017,VPPM_8704
526,Under development,04-May-2017,VPPM_8704
527,Under development,04-May-2017,VPPM_8704
528,Under development,04-May-2017,VPPM_8704
529,Under development,04-May-2017,VPPM_8704
530,Under development,04-May-2017,VPPM_8704
531,Under development,04-May-2017,VPPM_8704
532,Under development,04-May-2017,VPPM_8704
533,Under development,04-May-2017,VPPM_8704
534,Under development,19-Sep-2018,VPPM_8704
535,Under development,19-Sep-2018,VPPM_8704
536,Under development,13-Dec-2017,VPPM_8704
537,Under development,17-Sep-2018,VPPM_8704
538,Under development,08-Oct-2018,VPPM_8704
539,Under development,04-May-2017,VPPM_8704
540,Under development,04-May-2017,VPPM_8704
541,Under development,04-May-2017,VPPM_8704
542,Under development,04-May-2017,VPPM_8704